{"cameraMode":{"drawMode":0,"name":"Shaded","section":"Shading Mode"},"sceneLighting":true,"audioPlay":false,"sceneViewState":{"m_AlwaysRefresh":false,"showFog":true,"showSkybox":true,"showFlares":true,"showImageEffects":true,"showParticleSystems":true,"showVisualEffectGraphs":true,"m_FxEnabled":true},"in2DMode":false,"pivot":{"x":-101.97505187988281,"y":21.91229248046875,"z":-69.19222259521485},"rotation":{"x":-0.06407617032527924,"y":0.14527782797813416,"z":-0.009422128088772297,"w":-0.9872875213623047},"size":157.78746032714845,"orthographic":false}