{"cameraMode":{"drawMode":0,"name":"Shaded","section":"Shading Mode"},"sceneLighting":true,"audioPlay":false,"sceneViewState":{"m_AlwaysRefresh":false,"showFog":true,"showSkybox":true,"showFlares":true,"showImageEffects":true,"showParticleSystems":true,"showVisualEffectGraphs":true,"m_FxEnabled":true},"in2DMode":false,"pivot":{"x":-2.454744815826416,"y":-2.5674617290496828,"z":-0.6377078890800476},"rotation":{"x":-0.20098920166492463,"y":0.1338280588388443,"z":-0.027729058638215066,"w":-0.9700209498405457},"size":12.694246292114258,"orthographic":false}